Type,Value
Gross PnL,94.10999999999972
Net PnL,46.80586999999972
