Type,Value
Gross PnL,26.09999999999998
Net PnL,-11.92502000000001
