Type,Value
Gross PnL,162.6200000000003
Net PnL,82.7479000000003
