Type,Value
Gross PnL,431.4100000000003
Net PnL,351.3000900000004
