Type,Value
Gross PnL,-12.629999999999896
Net PnL,-93.96520999999987
