Type,Value
Gross PnL,-12.729999999999919
Net PnL,-94.4925499999999
