Stock,Sharpe Ratio
NVDA,1.7487285289826995
GOOGL,-3.95271500618077
GS,-21.818280897132695
GME,0.1792473320626836
MSFT,-0.6478379323243674
