Type,Value
Gross PnL,-41.18000000000009
Net PnL,-76.97982000000009
