Type,Value
Gross PnL,-22.140000000000022
Net PnL,-55.97518000000001
