Type,Value
Gross PnL,149.35000000000014
Net PnL,52.14661000000012
