Type,Value
Gross PnL,151.50000000000017
Net PnL,62.113160000000136
